{"cameraMode":{"drawMode":0,"name":"Shaded","section":"Shading Mode"},"sceneLighting":true,"audioPlay":false,"sceneViewState":{"m_AlwaysRefresh":false,"showFog":true,"showSkybox":true,"showFlares":true,"showImageEffects":true,"showParticleSystems":true,"showVisualEffectGraphs":true,"m_FxEnabled":true},"in2DMode":false,"pivot":{"x":-0.16048550605773927,"y":-0.25563040375709536,"z":-0.19202739000320435},"rotation":{"x":0.049348197877407077,"y":0.7261238694190979,"z":-0.052361782640218738,"w":0.6838129162788391},"size":1.5334482192993165,"orthographic":false}