{"cameraMode":{"drawMode":0,"name":"Shaded","section":"Shading Mode"},"sceneLighting":false,"audioPlay":false,"sceneViewState":{"m_AlwaysRefresh":false,"showFog":true,"showSkybox":false,"showFlares":true,"showImageEffects":true,"showParticleSystems":true,"showVisualEffectGraphs":true,"m_FxEnabled":true},"in2DMode":false,"pivot":{"x":0.1343500018119812,"y":-0.010533295571804047,"z":-0.0717010498046875},"rotation":{"x":0.010371490381658078,"y":0.9876453280448914,"z":-0.1374789923429489,"w":0.07451167702674866},"size":0.6168633103370667,"orthographic":false}