{"cameraMode":{"drawMode":0,"name":"Shaded","section":"Shading Mode"},"sceneLighting":false,"audioPlay":false,"sceneViewState":{"m_AlwaysRefresh":false,"showFog":true,"showSkybox":false,"showFlares":true,"showImageEffects":true,"showParticleSystems":true,"showVisualEffectGraphs":true,"m_FxEnabled":true},"in2DMode":false,"pivot":{"x":0.6220595240592957,"y":1.3476531505584717,"z":-0.3246186673641205},"rotation":{"x":0.01373696606606245,"y":0.8427696824073792,"z":-0.021495016291737558,"w":0.537695586681366},"size":1.8818334341049195,"orthographic":false}